module,skill,display-name,menu-code,description,action,args,phase,preceded-by,followed-by,required,output-location,outputs
This file registers BookForge capabilities for the help and routing system.
module,skill,display-name,menu-code,description,action,args,phase,preceded-by,followed-by,required,output-location,outputs
module,skill,display-name,menu-code,description,action,args,phase,preceded-by,followed-by,required,output-location,outputs
BookForge Core,bookforge-help,Help & Route,HR,"Show current phase and next recommended step.",run,,anytime,,,false,bookforge/_bmad,bookforge-state.md
BookForge Core,bookforge-validate,Validate Project,VA,"Validate project state and configuration.",run,,anytime,,,false,bookforge/,project.json
BookForge Core,bookforge-route,Route Task,RT,"Route a task to appropriate workflow.",run,"{task}",anytime,,,false,bookforge/state,routing-decision.json
BookForge Core,bookforge-context-pack,Pack Context,CP,"Pack context for a bounded task.",run,"{task}",anytime,,,false,bookforge/state,context-packet.json
BookForge Core,bookforge-workflow,Run Workflow,RW,"Execute a workflow step.",run,"{workflow-id} {task}",execution,,,false,bookforge/state,workflow-run.json
BookForge Core,bookforge-graph-sync,Sync Graph,GS,"Synchronize events to graph.",run,,anytime,,,false,bookforge/graph,sync-state.json
BookForge Core,bookforge-plugin,Plugin Manager,PM,"Manage BookForge plugins.",run,"{plugin-id}",anytime,,,false,bookforge/plugins,registry.json
BookForge Core,bookforge-status,Show Status,ST,"Show current project status.",run,,anytime,,,false,bookforge/,project.json
BookForge Drafting,outline-builder,Build Outline,OB,"Create or update book outline.",build-process,,1-outlining,,2-chapter-draft,false,outline-builder_output_folder,bookforge/artifacts/outline.md
BookForge Drafting,chapter-generator,Generate Chapter,CG,"Draft a chapter from packet.",build-process,2-chapter-draft,,3-chapter-qa,false,chapter-generator_output_folder,bookforge/artifacts/chapter-*.md
BookForge Editing,revision-loop,Revise Chapter,RL,"Run revision loop on chapter.",build-process,3-chapter-qa,,3-chapter-qa,false,revision-loop_output_folder,bookforge/artifacts/chapter-*.md
BookForge Quality,ai-slop-detector,Detect AI Slop,SD,"Detect AI-generated patterns.",validate,,3-chapter-qa,,false,quality_output_folder,validator-report.json
BookForge Quality,cliche-detector,Detect Clichés,CD,"Detect cliché expressions.",validate,,3-chapter-qa,,false,quality_output_folder,validator-report.json
BookForge Quality,continuity-checker,Check Continuity,CC,"Check continuity across chapters.",validate,,3-chapter-qa,,false,quality_output_folder,validator-report.json
BookForge Quality,fact-checker,Fact Check,FC,"Verify factual claims.",validate,,3-chapter-qa,,false,quality_output_folder,validator-report.json
BookForge Publishing,packaging-director,Package Book,PB,"Prepare manuscript for publication.",build-process,release-gate,,release-gate,false,packaging_output_folder,bookforge/artifacts/packaging.md
BookForge Publishing,release-gatekeeper,Release Gate,RG,"Final release validation.",validate,,release-gate,,true,release_output_folder,release-report.json